{"TransactionAmt": 68.95, "addr1": 299.0, "addr2": 87.0, "V188": 1.0, "V189": 1.0, "V200": 1.0, "V201": 1.0, "V242": 1.0, "V244": 1.0, "V246": 1.0, "V257": 1.0, "V258": 1.0, "V147": 0.0, "V148": 1.0, "V149": 1.0, "V154": 1.0, "V155": 1.0, "V156": 1.0, "V157": 1.0, "V158": 1.0, "D1": 1.0, "D2": 97.0, "D3": 8.0, "D4": 22.0, "D5": 10.0, "D10": 12.0, "D11": 35.0, "D15": 46.0, "C1": 1.0, "C2": 1.0, "C3": 0.0, "C4": 0.0, "C5": 0.0, "C6": 1.0, "C7": 0.0, "C8": 0.0, "C9": 1.0, "C10": 0.0, "C11": 1.0, "C12": 0.0, "C13": 2.0, "C14": 1.0, "M1": 1.0, "M2": 1.0, "M3": 1.0, "M5": 0.0, "M7": 0.0, "M8": 0.0, "M9": 1.0, "V39": 0.0, "V40": 0.0, "V42": 0.0, "V43": 0.0, "V44": 1.0, "V45": 1.0, "V170": 1.0, "V171": 1.0, "V46": 1.0, "V47": 1.0, "V48": 0.0, "V49": 0.0, "V50": 0.0, "V51": 0.0, "V52": 0.0, "id_01": -5.0, "id_02": 124418.0, "id_03": 0.0, "id_04": 0.0, "id_05": 0.0, "id_06": 0.0, "id_09": 0.0, "id_10": 0.0, "id_11": 100.0, "id_13": 52.0, "id_17": 166.0, "id_20": 469.0, "uid_count": 98.0, "uid_amt_mean": 115.03249999999998, "uid_amt_std": 127.99064667038725, "uid_C1_mean": 6.085365853658536, "uid_C2_mean": 5.7709090909090905, "uid_C13_mean": 22.662650602409638, "uid_C14_mean": 4.811053024645258, "D1n": 24.0, "uid2_amt_mean": 120.21788985796162, "uid2_amt_std": 166.46286693582218, "uid_d1_amt_mean": 93.50555555555555}