TransactionAmt,V257,V246,V244,V242,V201
1.0,-0.009878315012818578,-0.0174904660063278,-0.013688433730643748,-0.004765699182973045,-0.000918992557434567
-0.009878315012818578,1.0,0.9057620818164863,0.7577270697380094,0.7537640465911646,0.7328199198289962
-0.0174904660063278,0.9057620818164863,1.0,0.8293393278950456,0.8266482641260108,0.6748655360361725
-0.013688433730643748,0.7577270697380094,0.8293393278950456,1.0,0.9743183641398956,0.5372850594912573
-0.004765699182973045,0.7537640465911646,0.8266482641260108,0.9743183641398956,1.0,0.5328193331594611
-0.000918992557434567,0.7328199198289962,0.6748655360361725,0.5372850594912573,0.5328193331594611,1.0
